customer_id,first_name,last_name,email,city,postcode,country,signup_date
C0001,Ruth,Griffiths,ruth.griffiths82@urbanthreads.co.uk,Duncanbury,E81 0AD,UK,2024-03-31
C0002,Donald,Lowe,donald.lowe15@urbanthreads.co.uk,New Joeside,DT79 0GS,UK,2024-07-04
C0003,Ricky,Bryan,ricky.bryan4@urbanthreads.co.uk,Timothyland,CB55 0TX,UK,2024-01-18
C0004,Gemma,Ferguson,gemma.ferguson95@urbanthreads.co.uk,Teresastad,L1A 4DJ,UK,2025-08-17
C0005,Oliver,Palmer,oliver.palmer36@urbanthreads.co.uk,Woodsstad,N53 1ZG,UK,2024-12-01
C0006,Duncan,Humphries,duncan.humphries32@urbanthreads.co.uk,Dixonside,N03 5RL,UK,2023-12-04
C0007,Phillip,Johnston,phillip.johnston29@urbanthreads.co.uk,Phillipfort,WV72 2JX,UK,2024-12-05
C0008,Marcus,Morris,marcus.morris18@urbanthreads.co.uk,Bartlettfurt,DT2 1BE,UK,2024-02-09
C0009,Teresa,Walsh,teresa.walsh95@urbanthreads.co.uk,Andersonfurt,PH78 8AE,UK,2025-03-26
C0010,Paula,Myers,paula.myers14@urbanthreads.co.uk,Nathanport,CW70 8GW,UK,2025-09-21
C0011,Kenneth,Taylor,kenneth.taylor87@urbanthreads.co.uk,Ruthhaven,L2F 8WA,UK,2025-01-21
C0012,Brandon,Jones,brandon.jones95@urbanthreads.co.uk,West Mohammadbury,L9 1UD,UK,2025-05-26
C0013,Stacey,Miller,stacey.miller70@urbanthreads.co.uk,Lake Alice,G4J 3XH,UK,2025-04-19
C0014,Graeme,Matthews,graeme.matthews12@urbanthreads.co.uk,Jenniferhaven,CM33 5AY,UK,2024-12-17
C0015,Bernard,Fox,bernard.fox76@urbanthreads.co.uk,North Lindseyton,E05 8JL,UK,2025-03-16
C0016,Danielle,Stevens,danielle.stevens55@urbanthreads.co.uk,Lake Alexandra,W3U 6HE,UK,2023-12-28
C0017,Katy,Williams,katy.williams5@urbanthreads.co.uk,Aliton,SA1A 5EJ,UK,2024-03-10
C0018,Karl,Wilkinson,karl.wilkinson4@urbanthreads.co.uk,South Justin,LL3 7XE,UK,2023-11-22
C0019,Naomi,Watkins,naomi.watkins12@urbanthreads.co.uk,North Frankburgh,LU73 0GR,UK,2023-10-15
C0020,Janet,Pritchard,janet.pritchard28@urbanthreads.co.uk,Hussainside,SP7E 4HB,UK,2025-01-05
C0021,Joanna,Long,joanna.long30@urbanthreads.co.uk,Kevinton,W8W 0WD,UK,2025-08-05
C0022,Christian,Rees,christian.rees65@urbanthreads.co.uk,Lake Damianfurt,L9 9DS,UK,2025-03-07
C0023,Carole,Armstrong,carole.armstrong78@urbanthreads.co.uk,Elliotborough,SP5H 6FN,UK,2024-10-03
C0024,Guy,Murray,guy.murray4@urbanthreads.co.uk,North Clareshire,E8 8LF,UK,2025-10-07
C0025,Damien,Wallace,damien.wallace72@urbanthreads.co.uk,West Glen,W84 8NE,UK,2025-10-12
C0026,Aaron,Pritchard,aaron.pritchard26@urbanthreads.co.uk,Lake Andreaberg,GL9 5HL,UK,2024-11-09
C0027,Wendy,Smith,wendy.smith92@urbanthreads.co.uk,North Ashleighchester,BH0 2LG,UK,2025-05-11
C0028,Angela,Fisher,angela.fisher84@urbanthreads.co.uk,Mooreville,G8 5YX,UK,2024-02-06
C0029,Sharon,Clarke,sharon.clarke90@urbanthreads.co.uk,Julieton,DL3 5XS,UK,2025-02-07
C0030,Dean,Bennett,dean.bennett70@urbanthreads.co.uk,Port Ben,S02 6JL,UK,2024-02-14
C0031,Rita,Griffiths,rita.griffiths54@urbanthreads.co.uk,Port Paulinebury,W54 3AH,UK,2024-08-18
C0032,Hugh,White,hugh.white29@urbanthreads.co.uk,Port Rickystad,ML6X 0EL,UK,2024-02-29
C0033,Kimberley,Hunt,kimberley.hunt58@urbanthreads.co.uk,Ianville,S5T 6ZW,UK,2024-01-11
C0034,Emma,Sutton,emma.sutton76@urbanthreads.co.uk,West Samuel,KY0V 5SD,UK,2025-03-12
C0035,Mohamed,Johnson,mohamed.johnson36@urbanthreads.co.uk,Lake Cliffordhaven,SG6 6NX,UK,2024-01-20
C0036,Alex,Burton,alex.burton1@urbanthreads.co.uk,Daviesburgh,M6J 4NH,UK,2024-09-11
C0037,Rosemary,Jenkins,rosemary.jenkins98@urbanthreads.co.uk,Nataliemouth,SK38 2DN,UK,2024-11-17
C0038,Cheryl,Parkinson,cheryl.parkinson21@urbanthreads.co.uk,Colinbury,HA3H 0BJ,UK,2024-10-17
C0039,Kathryn,Baker,kathryn.baker90@urbanthreads.co.uk,South Elizabethshire,S76 2AE,UK,2025-06-09
C0040,Diane,Lloyd,diane.lloyd55@urbanthreads.co.uk,Parkerbury,W2 8XZ,UK,2024-06-16
C0041,Angela,Osborne,angela.osborne44@urbanthreads.co.uk,Burkeside,YO27 4JL,UK,2025-05-30
C0042,Maria,Jones,maria.jones36@urbanthreads.co.uk,West Chloe,M3 5PX,UK,2023-12-15
C0043,Ashley,Hayes,ashley.hayes20@urbanthreads.co.uk,Faulknerborough,S6 8TS,UK,2023-12-01
C0044,Russell,Lee,russell.lee28@urbanthreads.co.uk,Franklinshire,BA9P 0QN,UK,2025-05-21
C0045,Janet,Davis,janet.davis98@urbanthreads.co.uk,Powellside,L7D 6UA,UK,2024-08-11
C0046,Tom,King,tom.king44@urbanthreads.co.uk,Woodmouth,B69 1SF,UK,2025-08-17
C0047,Bethany,Clayton,bethany.clayton14@urbanthreads.co.uk,Jessicamouth,W55 4SL,UK,2025-07-23
C0048,Jonathan,Jones,jonathan.jones12@urbanthreads.co.uk,West Francisland,BH0H 0ZF,UK,2024-04-16
C0049,Malcolm,Jones,malcolm.jones49@urbanthreads.co.uk,New Charliemouth,EN5E 2NE,UK,2025-01-05
C0050,Richard,Murray,richard.murray13@urbanthreads.co.uk,Frostborough,L1 9EY,UK,2025-06-12
C0051,Luke,Ward,luke.ward46@urbanthreads.co.uk,Adamsland,N0W 7ES,UK,2024-07-21
C0052,Heather,Norman,heather.norman45@urbanthreads.co.uk,Goddardchester,M98 7SY,UK,2024-05-09
C0053,Brandon,Barton,brandon.barton78@urbanthreads.co.uk,West Barbarabury,OL96 0UP,UK,2024-03-03
C0054,Holly,Kelly,holly.kelly34@urbanthreads.co.uk,Mauriceview,M8A 1JS,UK,2024-10-27
C0055,Suzanne,Reed,suzanne.reed6@urbanthreads.co.uk,Berryfort,TQ01 3RJ,UK,2024-06-07
C0056,Cheryl,Jackson,cheryl.jackson94@urbanthreads.co.uk,Fisherstad,SW85 7LN,UK,2024-04-26
C0057,Dale,O'Neill,dale.o'neill59@urbanthreads.co.uk,West Trevor,NN2H 7LY,UK,2025-05-26
C0058,Judith,Anderson,judith.anderson69@urbanthreads.co.uk,Port Gordonport,N24 8FL,UK,2023-11-18
C0059,Alexander,Fisher,alexander.fisher16@urbanthreads.co.uk,Lake Abigail,B9 7UT,UK,2024-07-04
C0060,Jeffrey,Arnold,jeffrey.arnold49@urbanthreads.co.uk,Lesleyville,S7 9BF,UK,2024-02-06
C0061,Lynne,Wells,lynne.wells11@urbanthreads.co.uk,East Terenceside,PL99 8RT,UK,2025-09-18
C0062,Angela,Jordan,angela.jordan71@urbanthreads.co.uk,Rogerston,E3S 4DG,UK,2024-04-17
C0063,Kyle,Fisher,kyle.fisher38@urbanthreads.co.uk,North Michelle,SM97 0JN,UK,2025-04-15
C0064,Lawrence,Campbell,lawrence.campbell81@urbanthreads.co.uk,Hammondbury,TN9 6EX,UK,2024-04-05
C0065,Eileen,Bray,eileen.bray80@urbanthreads.co.uk,Patrickland,G4 7ET,UK,2025-03-31
C0066,Leon,Harrison,leon.harrison47@urbanthreads.co.uk,Donnaside,LA19 6PZ,UK,2024-04-25
C0067,Richard,Green,richard.green74@urbanthreads.co.uk,Port Ellieview,B2H 4GY,UK,2024-09-16
C0068,Heather,Bradley,heather.bradley25@urbanthreads.co.uk,South Damienchester,HG1 5SU,UK,2024-05-24
C0069,Cheryl,Harding,cheryl.harding91@urbanthreads.co.uk,South Craigmouth,HG1 8AX,UK,2024-10-06
C0070,Amy,Holloway,amy.holloway9@urbanthreads.co.uk,Brendafort,LA0H 8FN,UK,2024-09-18
C0071,Amelia,Jones,amelia.jones6@urbanthreads.co.uk,Lake Tinabury,CW4V 8SD,UK,2024-04-05
C0072,Geoffrey,Hall,geoffrey.hall85@urbanthreads.co.uk,Lake Carlfort,GY8Y 6UU,UK,2024-04-20
C0073,Caroline,Fisher,caroline.fisher30@urbanthreads.co.uk,Bateshaven,WS2B 6PW,UK,2024-05-08
C0074,Paul,Bird,paul.bird99@urbanthreads.co.uk,Kateshire,LU2R 5PX,UK,2025-05-28
C0075,Paige,Patel,paige.patel38@urbanthreads.co.uk,Roybury,S3W 0PU,UK,2025-04-13
C0076,Margaret,Cooper,margaret.cooper11@urbanthreads.co.uk,South Alan,N17 8TA,UK,2025-04-27
C0077,Gareth,Bolton,gareth.bolton30@urbanthreads.co.uk,North Pauline,HR9 1PX,UK,2024-08-04
C0078,Elliott,Johnson,elliott.johnson13@urbanthreads.co.uk,Carrton,E3S 3DS,UK,2023-12-29
C0079,Ashleigh,Campbell,ashleigh.campbell49@urbanthreads.co.uk,South Mohammedport,B5 4QQ,UK,2024-09-12
C0080,Jacob,Smith,jacob.smith36@urbanthreads.co.uk,Armstrongburgh,G19 9JU,UK,2025-09-22
C0081,Carole,Wilkins,carole.wilkins59@urbanthreads.co.uk,Dawsonmouth,SG0 4XG,UK,2023-12-10
C0082,Angela,Harding,angela.harding82@urbanthreads.co.uk,Ruthchester,EN7M 6UE,UK,2024-04-15
C0083,Margaret,Bradshaw,margaret.bradshaw47@urbanthreads.co.uk,Bethport,S4 9BZ,UK,2025-05-14
C0084,Jean,Lee,jean.lee21@urbanthreads.co.uk,Bernardstad,L94 1BN,UK,2025-06-17
C0085,Chloe,Rhodes,chloe.rhodes48@urbanthreads.co.uk,Wayneland,HG6 3FX,UK,2025-08-24
C0086,Claire,Hill,claire.hill46@urbanthreads.co.uk,Rogerview,TS45 7DF,UK,2025-05-21
C0087,Eric,Taylor,eric.taylor27@urbanthreads.co.uk,Morganside,CA6 4XE,UK,2024-10-01
C0088,Laura,Davies,laura.davies86@urbanthreads.co.uk,Fionafurt,IG1X 7AZ,UK,2025-08-30
C0089,Chelsea,Mills,chelsea.mills35@urbanthreads.co.uk,Lake Philip,UB7Y 6EF,UK,2023-11-18
C0090,Ian,Rogers,ian.rogers90@urbanthreads.co.uk,Clarkbury,G6H 8SY,UK,2025-05-12
C0091,Dean,Young,dean.young88@urbanthreads.co.uk,Port Wendychester,BD5 7TJ,UK,2025-08-08
C0092,Linda,Gibson,linda.gibson83@urbanthreads.co.uk,Paigestad,S4 1TD,UK,2025-03-11
C0093,Phillip,Graham,phillip.graham10@urbanthreads.co.uk,North Brettbury,L18 9HJ,UK,2024-06-25
C0094,Sean,Pearson,sean.pearson78@urbanthreads.co.uk,West Jacobberg,M2B 2AQ,UK,2025-06-18
C0095,Frank,Fox,frank.fox82@urbanthreads.co.uk,East Arthurton,S81 7TQ,UK,2024-11-15
C0096,Jenna,Griffiths,jenna.griffiths22@urbanthreads.co.uk,New Samuel,TN8M 0BU,UK,2025-08-02
C0097,Joanne,Pickering,joanne.pickering69@urbanthreads.co.uk,South Louiseland,N9 1FL,UK,2025-02-09
C0098,Ashleigh,Grant,ashleigh.grant94@urbanthreads.co.uk,Margarethaven,LE8 1EX,UK,2025-04-25
C0099,Robin,Sykes,robin.sykes32@urbanthreads.co.uk,South Declan,JE61 6PL,UK,2024-07-30
C0100,Carl,Holmes,carl.holmes21@urbanthreads.co.uk,Riceland,S1 2XB,UK,2025-01-11
C0101,Chelsea,Moore,chelsea.moore60@urbanthreads.co.uk,South Owenchester,BL4W 5EY,UK,2024-11-11
C0102,Phillip,Nash,phillip.nash49@urbanthreads.co.uk,Wilsonville,WD8 1LY,UK,2024-04-06
C0103,Anne,Brady,anne.brady35@urbanthreads.co.uk,New Sylviaview,G4 5QA,UK,2024-03-02
C0104,Gareth,Sullivan,gareth.sullivan82@urbanthreads.co.uk,Reestown,L6 7PG,UK,2024-07-27
C0105,Graeme,Atkinson,graeme.atkinson89@urbanthreads.co.uk,North Deanburgh,B1E 6UZ,UK,2024-09-21
C0106,Elizabeth,Robertson,elizabeth.robertson72@urbanthreads.co.uk,West Sharonville,SK9 8NB,UK,2024-04-02
C0107,Hannah,Robinson,hannah.robinson29@urbanthreads.co.uk,North Dennisport,G44 1AU,UK,2025-05-16
C0108,Sharon,Jarvis,sharon.jarvis88@urbanthreads.co.uk,Kentbury,N1G 6AT,UK,2025-09-28
C0109,Martin,Taylor,martin.taylor42@urbanthreads.co.uk,Allenchester,CH6 5GZ,UK,2024-10-05
C0110,Hollie,Bell,hollie.bell99@urbanthreads.co.uk,South Kennethbury,PE68 6NP,UK,2024-04-03
C0111,Brett,Marsh,brett.marsh8@urbanthreads.co.uk,New Ashleighville,L5F 3EF,UK,2024-04-29
C0112,Joe,Coleman,joe.coleman30@urbanthreads.co.uk,Port Abbie,G7 9YT,UK,2025-03-26
C0113,Anna,Graham,anna.graham5@urbanthreads.co.uk,Teresamouth,W17 4LY,UK,2023-11-26
C0114,Jay,O'Sullivan,jay.o'sullivan41@urbanthreads.co.uk,Bethanymouth,B5 1DZ,UK,2025-01-17
C0115,Kathleen,Cooper,kathleen.cooper52@urbanthreads.co.uk,South Alexandraborough,PL7 0TE,UK,2025-07-04
C0116,Glenn,Robinson,glenn.robinson35@urbanthreads.co.uk,New Leahburgh,L7 8WZ,UK,2024-02-14
C0117,Julie,Patel,julie.patel9@urbanthreads.co.uk,Charlottechester,SK9 5DP,UK,2023-12-26
C0118,Nicole,Davies,nicole.davies28@urbanthreads.co.uk,Howardberg,BT9 5NR,UK,2024-01-22
C0119,Marilyn,Walters,marilyn.walters73@urbanthreads.co.uk,West Yvonnefurt,TQ5E 6WQ,UK,2023-10-28
C0120,Linda,Herbert,linda.herbert92@urbanthreads.co.uk,West Danielle,L22 4EW,UK,2025-06-03
C0121,Sheila,Lee,sheila.lee41@urbanthreads.co.uk,Lake Tomberg,S2C 9GT,UK,2023-11-16
C0122,Victoria,Hargreaves,victoria.hargreaves28@urbanthreads.co.uk,South Kathryn,SY7 8JN,UK,2025-07-03
C0123,Pauline,Cooke,pauline.cooke84@urbanthreads.co.uk,West Josephine,W7U 6WW,UK,2024-09-03
C0124,Shaun,Warren,shaun.warren64@urbanthreads.co.uk,Port Tony,W5 8EN,UK,2023-12-18
C0125,Shaun,Sharpe,shaun.sharpe51@urbanthreads.co.uk,Port Amanda,L7 0SB,UK,2024-08-16
C0126,Stephanie,Patel,stephanie.patel83@urbanthreads.co.uk,Turnerstad,B51 2FB,UK,2024-05-23
C0127,Megan,Booth,megan.booth59@urbanthreads.co.uk,Port Diana,LD90 0LH,UK,2025-07-23
C0128,Kieran,Parry,kieran.parry19@urbanthreads.co.uk,Griffithsport,M10 6ZT,UK,2023-12-01
C0129,Jamie,Lee,jamie.lee34@urbanthreads.co.uk,Andersontown,ML9H 4SA,UK,2025-02-02
C0130,Jay,Smith,jay.smith18@urbanthreads.co.uk,Kayland,N1J 6UB,UK,2025-02-18
C0131,Charlotte,Robinson,charlotte.robinson32@urbanthreads.co.uk,Andrewstad,N3 9PF,UK,2023-11-17
C0132,Jay,Kaur,jay.kaur96@urbanthreads.co.uk,Port Lydia,SN72 1TB,UK,2024-05-28
C0133,Reece,Thomas,reece.thomas72@urbanthreads.co.uk,North Guy,ML6 4BH,UK,2024-05-23
C0134,Susan,Taylor,susan.taylor69@urbanthreads.co.uk,Port Abbiemouth,CM5 6TR,UK,2024-07-03
C0135,Christian,Hughes,christian.hughes34@urbanthreads.co.uk,Owenhaven,TR1 1SZ,UK,2025-07-13
C0136,Jeremy,Kaur,jeremy.kaur96@urbanthreads.co.uk,Timothyland,SE4 7ZS,UK,2024-02-20
C0137,Hollie,Williams,hollie.williams75@urbanthreads.co.uk,Thomasstad,S4S 1RQ,UK,2024-11-15
C0138,Josephine,Walsh,josephine.walsh55@urbanthreads.co.uk,East Tinamouth,G1 5QR,UK,2024-12-27
C0139,Ryan,Butler,ryan.butler75@urbanthreads.co.uk,Wellsstad,TA19 8QR,UK,2024-06-14
C0140,Francesca,White,francesca.white52@urbanthreads.co.uk,North Christianfort,S8B 4TH,UK,2025-01-31
C0141,Mitchell,Faulkner,mitchell.faulkner47@urbanthreads.co.uk,Thorpeberg,W2 1PQ,UK,2025-04-17
C0142,Gary,Walton,gary.walton29@urbanthreads.co.uk,Cliffordburgh,SO2N 1HF,UK,2024-04-14
C0143,Valerie,Payne,valerie.payne18@urbanthreads.co.uk,Jadeside,E14 7WS,UK,2025-06-02
C0144,Michelle,West,michelle.west66@urbanthreads.co.uk,East Elliottland,LL85 8YG,UK,2025-06-01
C0145,Callum,Williams,callum.williams64@urbanthreads.co.uk,Port Harryhaven,M22 3QW,UK,2025-09-08
C0146,Glen,Baker,glen.baker12@urbanthreads.co.uk,Dominicside,CO4 8GY,UK,2025-01-07
C0147,Carl,Thompson,carl.thompson97@urbanthreads.co.uk,Lynneton,E0 3YS,UK,2025-02-05
C0148,Ruth,Holland,ruth.holland7@urbanthreads.co.uk,Jemmaport,EH64 1BG,UK,2024-09-19
C0149,Elizabeth,Jones,elizabeth.jones15@urbanthreads.co.uk,West Lynda,N55 2QW,UK,2024-12-23
C0150,Kenneth,Newton,kenneth.newton20@urbanthreads.co.uk,Blakemouth,G10 6ZS,UK,2024-04-23
C0151,Sam,Bradley,sam.bradley81@urbanthreads.co.uk,Karlburgh,ML77 7AD,UK,2024-08-14
C0152,Leanne,Murphy,leanne.murphy21@urbanthreads.co.uk,East Carole,BL0 7ZU,UK,2024-05-22
C0153,Paula,Bailey,paula.bailey88@urbanthreads.co.uk,South Aaronview,HX6N 6BY,UK,2024-12-23
C0154,Gordon,Evans,gordon.evans55@urbanthreads.co.uk,Liamfurt,W8E 2ER,UK,2024-07-29
C0155,Declan,Bevan,declan.bevan77@urbanthreads.co.uk,Garethborough,S8A 0FP,UK,2025-06-29
C0156,Elaine,Reynolds,elaine.reynolds9@urbanthreads.co.uk,New Katherine,N95 6ZN,UK,2025-01-17
C0157,Tom,O'Sullivan,tom.o'sullivan50@urbanthreads.co.uk,Waltersport,TW05 1SY,UK,2024-06-08
C0158,Charlene,Johnson,charlene.johnson49@urbanthreads.co.uk,Phillipsshire,L0K 2WZ,UK,2025-06-06
C0159,Jessica,Kennedy,jessica.kennedy77@urbanthreads.co.uk,North Marion,CH3A 5SF,UK,2024-08-29
C0160,Hollie,Martin,hollie.martin60@urbanthreads.co.uk,Wongton,CR8H 7WR,UK,2024-06-13
C0161,Kyle,Nicholls,kyle.nicholls68@urbanthreads.co.uk,Janicestad,TD4W 3JL,UK,2024-12-20
C0162,Joel,Wilson,joel.wilson33@urbanthreads.co.uk,Gerardborough,SO7N 5XL,UK,2024-05-24
C0163,Adrian,Allen,adrian.allen71@urbanthreads.co.uk,Wheelerfurt,TD2 0ND,UK,2024-07-09
C0164,Angela,Lynch,angela.lynch2@urbanthreads.co.uk,Stevensside,NW4 1ZY,UK,2024-04-16
C0165,Norman,Bentley,norman.bentley88@urbanthreads.co.uk,Lake Donald,E6 7EF,UK,2023-10-18
C0166,Georgina,Stewart,georgina.stewart93@urbanthreads.co.uk,South Hilary,LS34 4BD,UK,2025-03-03
C0167,Marion,Barnes,marion.barnes15@urbanthreads.co.uk,East Helenburgh,S7 4BA,UK,2024-06-01
C0168,Kirsty,Gibbs,kirsty.gibbs88@urbanthreads.co.uk,Glenmouth,NP8R 8TL,UK,2024-03-11
C0169,Nathan,Butcher,nathan.butcher69@urbanthreads.co.uk,Brooksburgh,N4 2ZR,UK,2025-07-17
C0170,Rachel,Lewis,rachel.lewis97@urbanthreads.co.uk,South Aimeeville,G75 0LR,UK,2024-04-13
C0171,Katie,Mitchell,katie.mitchell35@urbanthreads.co.uk,Joshshire,OX0M 3BE,UK,2024-10-09
C0172,Mohammad,Walsh,mohammad.walsh99@urbanthreads.co.uk,Hollieville,GY5W 3FU,UK,2024-02-09
C0173,Sandra,Morris,sandra.morris83@urbanthreads.co.uk,Elizabethside,SY83 9DW,UK,2024-09-24
C0174,Debra,Campbell,debra.campbell44@urbanthreads.co.uk,New Nathanton,L9J 2PW,UK,2024-09-21
C0175,Connor,Davies,connor.davies15@urbanthreads.co.uk,Greenhaven,TS07 8ST,UK,2024-12-25
C0176,Kevin,Doherty,kevin.doherty38@urbanthreads.co.uk,Danielfurt,TW0 9DB,UK,2024-09-07
C0177,Leigh,Harrison,leigh.harrison56@urbanthreads.co.uk,North Meganton,KA2 6QR,UK,2024-09-26
C0178,Gemma,Patel,gemma.patel21@urbanthreads.co.uk,Lake Damien,G8 8FJ,UK,2025-07-23
C0179,Paul,Davey,paul.davey59@urbanthreads.co.uk,Gillianside,NN63 7QF,UK,2024-05-15
C0180,Roy,Cross,roy.cross1@urbanthreads.co.uk,North Irenechester,B3D 1ZB,UK,2024-09-24
C0181,June,Davies,june.davies93@urbanthreads.co.uk,East Samuelfurt,DY83 2WN,UK,2024-04-12
C0182,Beverley,Newton,beverley.newton93@urbanthreads.co.uk,Frankport,L64 0XY,UK,2025-08-27
C0183,Clive,Johnson,clive.johnson34@urbanthreads.co.uk,Humphreyston,RM6 6SF,UK,2024-06-02
C0184,Nicola,Akhtar,nicola.akhtar65@urbanthreads.co.uk,Smithbury,WF2 0XS,UK,2024-09-01
C0185,Nicole,Hill,nicole.hill98@urbanthreads.co.uk,Smithborough,RM1 5DX,UK,2025-04-28
C0186,Karl,Barnett,karl.barnett23@urbanthreads.co.uk,Davieston,L9 7HP,UK,2024-06-05
C0187,Stephen,Kelly,stephen.kelly65@urbanthreads.co.uk,Lake Terence,SY7H 6JX,UK,2024-06-19
C0188,Lawrence,Palmer,lawrence.palmer14@urbanthreads.co.uk,Mohammadview,ML7 1UP,UK,2025-09-23
C0189,Dennis,Middleton,dennis.middleton81@urbanthreads.co.uk,Thomasbury,CT0M 4FH,UK,2024-06-26
C0190,Bernard,Palmer,bernard.palmer39@urbanthreads.co.uk,South Georgina,SL5M 7TG,UK,2025-05-05
C0191,Jay,Thompson,jay.thompson82@urbanthreads.co.uk,Gallagherside,BN8A 0AS,UK,2024-01-28
C0192,Harriet,Barnes,harriet.barnes65@urbanthreads.co.uk,North Charlie,W5A 7AA,UK,2024-11-30
C0193,Lynn,Ali,lynn.ali78@urbanthreads.co.uk,New Henryside,BA8 2EE,UK,2024-11-24
C0194,Kieran,Smith,kieran.smith26@urbanthreads.co.uk,Owenview,BT56 9JJ,UK,2024-06-02
C0195,Lydia,Finch,lydia.finch20@urbanthreads.co.uk,Lake Francescaton,S6 8UB,UK,2025-02-19
C0196,John,Campbell,john.campbell48@urbanthreads.co.uk,South Tracymouth,E8A 3YU,UK,2024-05-11
C0197,Jordan,Bennett,jordan.bennett98@urbanthreads.co.uk,Paigeshire,BD2N 3YF,UK,2025-05-20
C0198,Patricia,Murray,patricia.murray21@urbanthreads.co.uk,Benshire,S85 2DW,UK,2025-05-15
C0199,Denis,Collier,denis.collier70@urbanthreads.co.uk,Barnesland,PL9 5AL,UK,2025-06-13
C0200,Barbara,Hughes,barbara.hughes68@urbanthreads.co.uk,Andreafurt,DE96 9NJ,UK,2025-04-19
